paradigm_family,k,tau2_base,I2_base,mu_base,mu_base_r,tau2_mod,I2_mod,delta_tau2,beta_names,beta_mod
implicit_explicit_gap,30,0.023415488157003967,0.8492708733076566,0.2048279342272778,0.20201071937919748,5.363445511637444e-07,0.002341564276055223,0.023414951812452803,Intercept|stage[linear]|stage[network],0.1180|0.2922|-0.0545
interoception_decision_quality,30,0.01227366531915764,0.7729172697078043,0.12684678017362386,0.126170804418001,0.0021704278802236673,0.34600396808074413,0.010103237438933974,Intercept|stage[linear]|stage[network],0.0729|-0.0351|0.1969
reappraisal_effectiveness,30,0.008629532594432807,0.6145675468457511,0.2069638994560738,0.2040586326683011,0.00207449352601549,0.28466107067264973,0.006555039068417317,Intercept|stage[linear]|stage[network],0.1464|0.0093|0.1872
