paradigm_family,k,tau2_base,I2_base,mu_base,mu_base_r,tau2_mod,I2_mod,delta_tau2,beta_names,beta_mod
implicit_explicit_gap,30,0.023415488157003967,0.8492708733076566,0.2048279342272778,0.20201071937919748,5.363445511637444e-07,0.002341564276055223,0.023414951812452803,Intercept|stage[linear]|stage[network],0.1180|0.2922|-0.0545
interoception_decision_quality,30,0.012273665319151012,0.7729172697078043,0.1268467801736245,0.1261708044180016,0.0021704278802236673,0.34600396808074413,0.010103237438927345,Intercept|stage[linear]|stage[network],0.0729|-0.0351|0.1969
reappraisal_effectiveness,30,0.008629532594423563,0.6145675468457511,0.20696389945607166,0.20405863266829904,0.002074493526060193,0.28466107067264973,0.00655503906836337,Intercept|stage[linear]|stage[network],0.1464|0.0093|0.1872
